{"cameraMode":{"drawMode":0,"name":"Shaded","section":"Shading Mode"},"sceneLighting":false,"audioPlay":false,"sceneViewState":{"showFog":true,"showMaterialUpdate":false,"showSkybox":false,"showFlares":true,"showImageEffects":true,"showParticleSystems":true},"in2DMode":false,"pivot":{"x":0.34529733657836916,"y":-0.12874996662139893,"z":0.008284643292427063},"rotation":{"x":0.19117146730422975,"y":-0.09055495262145996,"z":-0.017715517431497575,"w":-0.9772100448608398},"size":4.028005123138428,"orthographic":false}