{"cameraMode":{"drawMode":0,"name":"Shaded","section":"Shading Mode"},"sceneLighting":false,"audioPlay":false,"sceneViewState":{"showFog":true,"showMaterialUpdate":false,"showSkybox":false,"showFlares":true,"showImageEffects":true,"showParticleSystems":true},"in2DMode":false,"pivot":{"x":-2.0611555576324465,"y":3.763165235519409,"z":-7.288862705230713},"rotation":{"x":-0.08842993527650833,"y":0.07671714574098587,"z":-0.006831478793174028,"w":-0.9931001663208008},"size":2.836318254470825,"orthographic":false}